#,Time,%Passes,Change,Test,Pass,Partial,Fail,Untested
0,Wed Apr 22 18:20:03 EDT 2020,11,11,Assignment6Suite,GIPCRMINIOStaticArguments+ ,GIPCRMINIOOneClientConnection+ GIPCRMINIOTwoClientConnection+ ,GIPCRMINIOClientMetaStateBroadcast- GIPCRMINIOClientMetaStateNoBroadcast- GIPCRMINIOOneClientReadWriteNonAtomic- GIPCRMINIOServerMetaStateBroadcast- GIPCRMINIOServerMetaStateNoBroadcast- GIPCRMINIOTwoClientReadWriteNonAtomic- , ,
1,Wed Apr 22 21:14:16 EDT 2020,0,-11,Assignment6Suite, ,GIPCRMINIOStaticArguments- ,GIPCRMINIOClientMetaStateBroadcast GIPCRMINIOClientMetaStateNoBroadcast GIPCRMINIOOneClientConnection- GIPCRMINIOOneClientReadWriteNonAtomic GIPCRMINIOServerMetaStateBroadcast GIPCRMINIOServerMetaStateNoBroadcast GIPCRMINIOTwoClientConnection- GIPCRMINIOTwoClientReadWriteNonAtomic , ,
2,Wed Apr 22 22:08:55 EDT 2020,11,11,Assignment6Suite,GIPCRMINIOStaticArguments+ ,GIPCRMINIOClientMetaStateBroadcast+ GIPCRMINIOOneClientConnection+ GIPCRMINIOTwoClientConnection+ ,GIPCRMINIOClientMetaStateNoBroadcast GIPCRMINIOOneClientReadWriteNonAtomic GIPCRMINIOServerMetaStateBroadcast GIPCRMINIOServerMetaStateNoBroadcast GIPCRMINIOTwoClientReadWriteNonAtomic , ,
3,Thu Apr 23 16:58:12 EDT 2020,11,0,Assignment6Suite,GIPCRMINIOStaticArguments ,GIPCRMINIOOneClientConnection GIPCRMINIOTwoClientConnection ,GIPCRMINIOClientMetaStateBroadcast- GIPCRMINIOClientMetaStateNoBroadcast GIPCRMINIOOneClientReadWriteNonAtomic GIPCRMINIOServerMetaStateBroadcast GIPCRMINIOServerMetaStateNoBroadcast GIPCRMINIOTwoClientReadWriteNonAtomic , ,
4,Thu Apr 23 17:23:12 EDT 2020,22,11,Assignment6Suite,GIPCRMINIOOneClientConnection+ GIPCRMINIOStaticArguments ,GIPCRMINIOTwoClientConnection ,GIPCRMINIOClientMetaStateBroadcast GIPCRMINIOClientMetaStateNoBroadcast GIPCRMINIOOneClientReadWriteNonAtomic GIPCRMINIOServerMetaStateBroadcast GIPCRMINIOServerMetaStateNoBroadcast GIPCRMINIOTwoClientReadWriteNonAtomic , ,
5,Thu Apr 23 17:31:22 EDT 2020,100,78,Assignment6Suite,GIPCRMINIOClientMetaStateBroadcast+ GIPCRMINIOClientMetaStateNoBroadcast+ GIPCRMINIOOneClientConnection GIPCRMINIOOneClientReadWriteNonAtomic+ GIPCRMINIOServerMetaStateBroadcast+ GIPCRMINIOServerMetaStateNoBroadcast+ GIPCRMINIOStaticArguments GIPCRMINIOTwoClientConnection+ GIPCRMINIOTwoClientReadWriteNonAtomic+ , , , ,
