#,Time,%Passes,Change,Test,Pass,Partial,Fail,Untested
0,Thu Apr 23 21:38:58 EDT 2020,66,66,Assignment7Suite,GIPCRMINIOClientMetaStateBroadcast+ GIPCRMINIOClientMetaStateNoBroadcast+ GIPCRMINIOOneClientConnection+ GIPCRMINIOOneClientReadWriteNonAtomic+ GIPCRMINIOServerMetaStateBroadcast+ GIPCRMINIOServerMetaStateNoBroadcast+ GIPCRMINIOStaticArguments+ GIPCRMINIOTwoClientConnection+ ,GIPCRMINIOOneClientReadWriteAtomic+ GIPCRMINIOTwoClientReadWriteAtomic+ GIPCRMINIOTwoClientReadWriteAtomicConsensus+ GIPCRMINIOTwoClientReadWriteNonAtomic+ , , ,
1,Fri Apr 24 01:24:55 EDT 2020,75,9,Assignment7Suite,GIPCRMINIOClientMetaStateBroadcast GIPCRMINIOClientMetaStateNoBroadcast GIPCRMINIOOneClientConnection GIPCRMINIOOneClientReadWriteNonAtomic GIPCRMINIOServerMetaStateBroadcast GIPCRMINIOServerMetaStateNoBroadcast GIPCRMINIOStaticArguments GIPCRMINIOTwoClientConnection GIPCRMINIOTwoClientReadWriteNonAtomic+ ,GIPCRMINIOOneClientReadWriteAtomic GIPCRMINIOTwoClientReadWriteAtomic GIPCRMINIOTwoClientReadWriteAtomicConsensus , , ,
2,Fri Apr 24 12:00:46 EDT 2020,75,0,Assignment7Suite,GIPCRMINIOClientMetaStateBroadcast GIPCRMINIOClientMetaStateNoBroadcast GIPCRMINIOOneClientConnection GIPCRMINIOOneClientReadWriteNonAtomic GIPCRMINIOServerMetaStateBroadcast GIPCRMINIOServerMetaStateNoBroadcast GIPCRMINIOStaticArguments GIPCRMINIOTwoClientConnection GIPCRMINIOTwoClientReadWriteNonAtomic ,GIPCRMINIOOneClientReadWriteAtomic GIPCRMINIOTwoClientReadWriteAtomic GIPCRMINIOTwoClientReadWriteAtomicConsensus , , ,
3,Fri Apr 24 12:23:33 EDT 2020,66,-9,Assignment7Suite,GIPCRMINIOClientMetaStateBroadcast GIPCRMINIOClientMetaStateNoBroadcast GIPCRMINIOOneClientConnection GIPCRMINIOOneClientReadWriteNonAtomic GIPCRMINIOServerMetaStateNoBroadcast GIPCRMINIOStaticArguments GIPCRMINIOTwoClientConnection GIPCRMINIOTwoClientReadWriteNonAtomic ,GIPCRMINIOOneClientReadWriteAtomic GIPCRMINIOTwoClientReadWriteAtomic GIPCRMINIOTwoClientReadWriteAtomicConsensus ,GIPCRMINIOServerMetaStateBroadcast- , ,
4,Fri Apr 24 12:40:30 EDT 2020,91,25,Assignment7Suite,GIPCRMINIOClientMetaStateBroadcast GIPCRMINIOClientMetaStateNoBroadcast GIPCRMINIOOneClientConnection GIPCRMINIOOneClientReadWriteAtomic+ GIPCRMINIOOneClientReadWriteNonAtomic GIPCRMINIOServerMetaStateBroadcast+ GIPCRMINIOServerMetaStateNoBroadcast GIPCRMINIOStaticArguments GIPCRMINIOTwoClientConnection GIPCRMINIOTwoClientReadWriteAtomic+ GIPCRMINIOTwoClientReadWriteNonAtomic ,GIPCRMINIOTwoClientReadWriteAtomicConsensus , , ,
5,Fri Apr 24 12:57:50 EDT 2020,91,0,Assignment7Suite,GIPCRMINIOClientMetaStateBroadcast GIPCRMINIOClientMetaStateNoBroadcast GIPCRMINIOOneClientConnection GIPCRMINIOOneClientReadWriteAtomic GIPCRMINIOOneClientReadWriteNonAtomic GIPCRMINIOServerMetaStateBroadcast GIPCRMINIOServerMetaStateNoBroadcast GIPCRMINIOStaticArguments GIPCRMINIOTwoClientConnection GIPCRMINIOTwoClientReadWriteAtomic GIPCRMINIOTwoClientReadWriteNonAtomic ,GIPCRMINIOTwoClientReadWriteAtomicConsensus , , ,
6,Fri Apr 24 14:26:20 EDT 2020,91,0,Assignment7Suite,GIPCRMINIOClientMetaStateBroadcast GIPCRMINIOClientMetaStateNoBroadcast GIPCRMINIOOneClientConnection GIPCRMINIOOneClientReadWriteAtomic GIPCRMINIOOneClientReadWriteNonAtomic GIPCRMINIOServerMetaStateBroadcast GIPCRMINIOServerMetaStateNoBroadcast GIPCRMINIOStaticArguments GIPCRMINIOTwoClientConnection GIPCRMINIOTwoClientReadWriteAtomic GIPCRMINIOTwoClientReadWriteNonAtomic ,GIPCRMINIOTwoClientReadWriteAtomicConsensus , , ,
7,Fri Apr 24 14:33:29 EDT 2020,91,0,Assignment7Suite,GIPCRMINIOClientMetaStateBroadcast GIPCRMINIOClientMetaStateNoBroadcast GIPCRMINIOOneClientConnection GIPCRMINIOOneClientReadWriteAtomic GIPCRMINIOOneClientReadWriteNonAtomic GIPCRMINIOServerMetaStateBroadcast GIPCRMINIOServerMetaStateNoBroadcast GIPCRMINIOStaticArguments GIPCRMINIOTwoClientConnection GIPCRMINIOTwoClientReadWriteAtomic GIPCRMINIOTwoClientReadWriteNonAtomic ,GIPCRMINIOTwoClientReadWriteAtomicConsensus , , ,
8,Fri Apr 24 14:38:29 EDT 2020,91,0,Assignment7Suite,GIPCRMINIOClientMetaStateBroadcast GIPCRMINIOClientMetaStateNoBroadcast GIPCRMINIOOneClientConnection GIPCRMINIOOneClientReadWriteAtomic GIPCRMINIOOneClientReadWriteNonAtomic GIPCRMINIOServerMetaStateBroadcast GIPCRMINIOServerMetaStateNoBroadcast GIPCRMINIOStaticArguments GIPCRMINIOTwoClientConnection GIPCRMINIOTwoClientReadWriteAtomic GIPCRMINIOTwoClientReadWriteNonAtomic ,GIPCRMINIOTwoClientReadWriteAtomicConsensus , , ,
9,Fri Apr 24 15:44:29 EDT 2020,91,0,Assignment7Suite,GIPCRMINIOClientMetaStateBroadcast GIPCRMINIOClientMetaStateNoBroadcast GIPCRMINIOOneClientConnection GIPCRMINIOOneClientReadWriteAtomic GIPCRMINIOOneClientReadWriteNonAtomic GIPCRMINIOServerMetaStateBroadcast GIPCRMINIOServerMetaStateNoBroadcast GIPCRMINIOStaticArguments GIPCRMINIOTwoClientConnection GIPCRMINIOTwoClientReadWriteAtomic GIPCRMINIOTwoClientReadWriteNonAtomic ,GIPCRMINIOTwoClientReadWriteAtomicConsensus , , ,
10,Fri Apr 24 16:44:00 EDT 2020,100,9,Assignment7Suite,GIPCRMINIOClientMetaStateBroadcast GIPCRMINIOClientMetaStateNoBroadcast GIPCRMINIOOneClientConnection GIPCRMINIOOneClientReadWriteAtomic GIPCRMINIOOneClientReadWriteNonAtomic GIPCRMINIOServerMetaStateBroadcast GIPCRMINIOServerMetaStateNoBroadcast GIPCRMINIOStaticArguments GIPCRMINIOTwoClientConnection GIPCRMINIOTwoClientReadWriteAtomic GIPCRMINIOTwoClientReadWriteAtomicConsensus+ GIPCRMINIOTwoClientReadWriteNonAtomic , , , ,
11,Fri Apr 24 18:18:57 EDT 2020,100,0,Assignment7Suite,GIPCRMINIOClientMetaStateBroadcast GIPCRMINIOClientMetaStateNoBroadcast GIPCRMINIOOneClientConnection GIPCRMINIOOneClientReadWriteAtomic GIPCRMINIOOneClientReadWriteNonAtomic GIPCRMINIOServerMetaStateBroadcast GIPCRMINIOServerMetaStateNoBroadcast GIPCRMINIOStaticArguments GIPCRMINIOTwoClientConnection GIPCRMINIOTwoClientReadWriteAtomic GIPCRMINIOTwoClientReadWriteAtomicConsensus GIPCRMINIOTwoClientReadWriteNonAtomic , , , ,
