#,Time,%Passes,Change,Test,Pass,Partial,Fail,Untested
0,Sat Apr 11 16:04:29 EDT 2020,0,0,Assignment5Suite, , ,GIPCRMIClientMetaStateBroadcast- GIPCRMIClientMetaStateNoBroadcast- GIPCRMIOneClientConnection- GIPCRMIOneClientReadWriteNonAtomic- GIPCRMIServerMetaStateBroadcast- GIPCRMIServerMetaStateNoBroadcast- GIPCRMIStaticArguments- GIPCRMITwoClientConnection- GIPCRMITwoClientReadWriteNonAtomic- , ,
1,Tue Apr 14 15:24:56 EDT 2020,0,0,Assignment5Suite, ,GIPCRMIStaticArguments+ ,GIPCRMIClientMetaStateBroadcast GIPCRMIClientMetaStateNoBroadcast GIPCRMIOneClientConnection GIPCRMIOneClientReadWriteNonAtomic GIPCRMIServerMetaStateBroadcast GIPCRMIServerMetaStateNoBroadcast GIPCRMITwoClientConnection GIPCRMITwoClientReadWriteNonAtomic , ,
2,Sat Apr 18 20:58:37 EDT 2020,0,0,Assignment5Suite, ,GIPCRMIStaticArguments ,GIPCRMIClientMetaStateBroadcast GIPCRMIClientMetaStateNoBroadcast GIPCRMIOneClientConnection GIPCRMIOneClientReadWriteNonAtomic GIPCRMIServerMetaStateBroadcast GIPCRMIServerMetaStateNoBroadcast GIPCRMITwoClientConnection GIPCRMITwoClientReadWriteNonAtomic , ,
3,Sat Apr 18 21:11:49 EDT 2020,0,0,Assignment5Suite, ,GIPCRMIStaticArguments ,GIPCRMIClientMetaStateBroadcast GIPCRMIClientMetaStateNoBroadcast GIPCRMIOneClientConnection GIPCRMIOneClientReadWriteNonAtomic GIPCRMIServerMetaStateBroadcast GIPCRMIServerMetaStateNoBroadcast GIPCRMITwoClientConnection GIPCRMITwoClientReadWriteNonAtomic , ,
4,Sat Apr 18 22:32:58 EDT 2020,77,77,Assignment5Suite,GIPCRMIClientMetaStateBroadcast+ GIPCRMIClientMetaStateNoBroadcast+ GIPCRMIOneClientConnection+ GIPCRMIServerMetaStateBroadcast+ GIPCRMIServerMetaStateNoBroadcast+ GIPCRMIStaticArguments+ GIPCRMITwoClientConnection+ ,GIPCRMIOneClientReadWriteNonAtomic+ GIPCRMITwoClientReadWriteNonAtomic+ , , ,
5,Sat Apr 18 23:03:11 EDT 2020,77,0,Assignment5Suite,GIPCRMIClientMetaStateBroadcast GIPCRMIClientMetaStateNoBroadcast GIPCRMIOneClientConnection GIPCRMIServerMetaStateBroadcast GIPCRMIServerMetaStateNoBroadcast GIPCRMIStaticArguments GIPCRMITwoClientConnection ,GIPCRMIOneClientReadWriteNonAtomic GIPCRMITwoClientReadWriteNonAtomic , , ,
6,Sat Apr 18 23:12:14 EDT 2020,11,-66,Assignment5Suite,GIPCRMIStaticArguments , ,GIPCRMIClientMetaStateBroadcast- GIPCRMIClientMetaStateNoBroadcast- GIPCRMIOneClientConnection- GIPCRMIOneClientReadWriteNonAtomic- GIPCRMIServerMetaStateBroadcast- GIPCRMIServerMetaStateNoBroadcast- GIPCRMITwoClientConnection- GIPCRMITwoClientReadWriteNonAtomic- , ,
7,Sat Apr 18 23:26:16 EDT 2020,77,66,Assignment5Suite,GIPCRMIClientMetaStateBroadcast+ GIPCRMIClientMetaStateNoBroadcast+ GIPCRMIOneClientConnection+ GIPCRMIServerMetaStateBroadcast+ GIPCRMIServerMetaStateNoBroadcast+ GIPCRMIStaticArguments GIPCRMITwoClientConnection+ ,GIPCRMIOneClientReadWriteNonAtomic+ GIPCRMITwoClientReadWriteNonAtomic+ , , ,
8,Sun Apr 19 00:21:33 EDT 2020,77,0,Assignment5Suite,GIPCRMIClientMetaStateBroadcast GIPCRMIClientMetaStateNoBroadcast GIPCRMIOneClientConnection GIPCRMIServerMetaStateBroadcast GIPCRMIServerMetaStateNoBroadcast GIPCRMIStaticArguments GIPCRMITwoClientConnection ,GIPCRMIOneClientReadWriteNonAtomic GIPCRMITwoClientReadWriteNonAtomic , , ,
9,Sun Apr 19 00:48:11 EDT 2020,77,0,Assignment5Suite,GIPCRMIClientMetaStateBroadcast GIPCRMIClientMetaStateNoBroadcast GIPCRMIOneClientConnection GIPCRMIServerMetaStateBroadcast GIPCRMIServerMetaStateNoBroadcast GIPCRMIStaticArguments GIPCRMITwoClientConnection ,GIPCRMIOneClientReadWriteNonAtomic GIPCRMITwoClientReadWriteNonAtomic , , ,
10,Sun Apr 19 00:58:29 EDT 2020,77,0,Assignment5Suite,GIPCRMIClientMetaStateBroadcast GIPCRMIClientMetaStateNoBroadcast GIPCRMIOneClientConnection GIPCRMIServerMetaStateBroadcast GIPCRMIServerMetaStateNoBroadcast GIPCRMIStaticArguments GIPCRMITwoClientConnection ,GIPCRMIOneClientReadWriteNonAtomic GIPCRMITwoClientReadWriteNonAtomic , , ,
11,Sun Apr 19 01:19:46 EDT 2020,77,0,Assignment5Suite,GIPCRMIClientMetaStateBroadcast GIPCRMIClientMetaStateNoBroadcast GIPCRMIOneClientConnection GIPCRMIServerMetaStateBroadcast GIPCRMIServerMetaStateNoBroadcast GIPCRMIStaticArguments GIPCRMITwoClientConnection ,GIPCRMIOneClientReadWriteNonAtomic GIPCRMITwoClientReadWriteNonAtomic , , ,
12,Sun Apr 19 16:33:12 EDT 2020,0,-77,Assignment5Suite, ,GIPCRMIStaticArguments- ,GIPCRMIClientMetaStateBroadcast- GIPCRMIClientMetaStateNoBroadcast- GIPCRMIOneClientConnection- GIPCRMIOneClientReadWriteNonAtomic- GIPCRMIServerMetaStateBroadcast- GIPCRMIServerMetaStateNoBroadcast- GIPCRMITwoClientConnection- GIPCRMITwoClientReadWriteNonAtomic- , ,
13,Sun Apr 19 22:09:38 EDT 2020,88,88,Assignment5Suite,GIPCRMIClientMetaStateBroadcast+ GIPCRMIClientMetaStateNoBroadcast+ GIPCRMIOneClientConnection+ GIPCRMIOneClientReadWriteNonAtomic+ GIPCRMIServerMetaStateBroadcast+ GIPCRMIServerMetaStateNoBroadcast+ GIPCRMIStaticArguments+ GIPCRMITwoClientConnection+ ,GIPCRMITwoClientReadWriteNonAtomic+ , , ,
14,Sun Apr 19 22:50:36 EDT 2020,66,-22,Assignment5Suite,GIPCRMIClientMetaStateBroadcast GIPCRMIClientMetaStateNoBroadcast GIPCRMIOneClientConnection GIPCRMIOneClientReadWriteNonAtomic GIPCRMIStaticArguments GIPCRMITwoClientConnection ,GIPCRMITwoClientReadWriteNonAtomic ,GIPCRMIServerMetaStateBroadcast- GIPCRMIServerMetaStateNoBroadcast- , ,
15,Sun Apr 19 23:13:49 EDT 2020,88,22,Assignment5Suite,GIPCRMIClientMetaStateBroadcast GIPCRMIClientMetaStateNoBroadcast GIPCRMIOneClientConnection GIPCRMIOneClientReadWriteNonAtomic GIPCRMIServerMetaStateBroadcast+ GIPCRMIServerMetaStateNoBroadcast+ GIPCRMIStaticArguments GIPCRMITwoClientConnection ,GIPCRMITwoClientReadWriteNonAtomic , , ,
16,Mon Apr 20 18:28:59 EDT 2020,100,12,Assignment5Suite,GIPCRMIClientMetaStateBroadcast GIPCRMIClientMetaStateNoBroadcast GIPCRMIOneClientConnection GIPCRMIOneClientReadWriteNonAtomic GIPCRMIServerMetaStateBroadcast GIPCRMIServerMetaStateNoBroadcast GIPCRMIStaticArguments GIPCRMITwoClientConnection GIPCRMITwoClientReadWriteNonAtomic+ , , , ,
