Id,Prediction,Date,File,StartTime,ElapsedTime,BusyTime,Commands,editOrInsertPercentage,debugPercentage,navigationPercentage,focusPercentage,removePercentage,editPercentage,COMMAND_RATE,NAVIGATION_RATE,DEBUG_RATE,FOCUS_RATE,EDIT_RATE,REMOVE_RATE,INSERT_RATE,webLinkTimes,Web Page Visits
1,,Mon Apr 20 18:25:08 EDT 2020,Server.java,1587421508912,46213,0,(F)2(D)3(F)1,0.0,50.0,0.0,50.0,0.0,0.0,0.13043478260869565,0.0,0.06521739130434782,0.06521739130434782,0.0,0.0,0.0,0.0,[]
,/modelData/A0UserStudy2010.arff,Mon Apr 20 18:25:08 EDT 2020,Server.java, 1587421508912
2,,Mon Apr 20 18:25:55 EDT 2020,Server.java,1587421555567,23941,0,(D)1,0.0,100.0,0.0,0.0,0.0,0.0,0.043478260869565216,0.0,0.043478260869565216,0.0,0.0,0.0,0.0,0.0,[]
3,,Mon Apr 20 18:26:22 EDT 2020,Server.java,1587421582813,24323,0,(D)1,0.0,100.0,0.0,0.0,0.0,0.0,0.041666666666666664,0.0,0.041666666666666664,0.0,0.0,0.0,0.0,0.0,[]
